{"cameraMode":{"drawMode":0,"name":"Shaded","section":"Shading Mode"},"sceneLighting":true,"audioPlay":false,"sceneViewState":{"showFog":true,"showMaterialUpdate":false,"showSkybox":true,"showFlares":true,"showImageEffects":true,"showParticleSystems":true},"in2DMode":false,"pivot":{"x":4.258999824523926,"y":-1.9739999771118165,"z":0.041999999433755878},"rotation":{"x":0.006648230832070112,"y":0.9933785796165466,"z":-0.07644998282194138,"w":0.0862610787153244},"size":2.5748238563537599,"orthographic":true}